Autel Robotics EVO 4K / 60FPS Video Quadcopter - Orange,999,Autel Robotics,,https://www.newegg.com/orange-autel-robotics-evo/p/380-0007-00008
Holy Stone HS720 GPS Drone with 2K FHD Camera 5G WIFI FPV Transmission + Storage Case,279,Holy Stone,Rating + 5,https://www.newegg.com/black-holystone-2k-series-hs720/p/380-0027-00012
"Contixo F24 Pro Drone 4K Quadcopter UHD Live Video GPS Drones, FPV Drone with Camera for Adults Beginner 30 Mins Flight Time Long 2500mAh Battery Brushless Motor - Black (1 Battery Carrying Case)",279,Contixo,Rating + 5,https://www.newegg.com/p/380-001Y-00019
"Holy Stone HS700D FPV GPS Drone with 2K FHD Camera Live Video, Brushless Motor, 5G WiFi Transmission, Grey",189,Holy Stone,Rating + 4,https://www.newegg.com/black-holystone-2k-series-hs700d/p/380-0027-00008
"DEERC - DE25 Foldable GPS Wifi FPV Drone with 1080P Camera, Gesture Photo/Video, Custom Flight, Black",129,,Rating + 5,https://www.newegg.com/black-deerc-foldable-series-de25/p/01Z-02TG-00001
Holy Stone - HS170 Mini Racing Drone Indoor Quadcopter Toy,22,Holy Stone,Rating + 5,https://www.newegg.com/blue-holystone-mini-series-hs170/p/01Z-01PH-00015
"Holy Stone - HS210 Mini Drone Indoor Quadcopter for Kids and Adults with 3 Batteries, Blue",23,Holy Stone,Rating + 5,https://www.newegg.com/blue-holystone-mini-series-hs210/p/380-0027-00002
"Holy Stone - HS210 Mini Drone Quadcopter for  Kids and Adults with 3 Batteries, Green",23,Holy Stone,Rating + 5,https://www.newegg.com/meadow-green-holystone-mini-series-hs210/p/380-0027-00003
DEERC DE22 FPV Drone with FHD 2K Camera Brushless Motor 5G WI-FI Transmission GPS Quadcopter,169,,Rating + 5,https://www.newegg.com/black-deerc-2k-series-de22/p/380-0052-00002
"Holy Stone HS100 GPS FPV Drone with 1080P Camera and GPS Return to Home, Bonus Battery, Black",169,Holy Stone,Rating + 4,https://www.newegg.com/black-holystone-gps-serires-hs100/p/380-0027-00006
"Holy Stone - HS120D Wi-Fi FPV Drone with 1080P Camera and GPS, Tap Fly Function, Black (Bonus Battery Version)",149,Holy Stone,Rating + 4,https://www.newegg.com/p/380-0027-00005
Holy Stone HS160 Pro Foldable FPV Drone with 1080p Full HD Camera Optical Flow Positioning Quadcopter,79,Holy Stone,Rating + 5,https://www.newegg.com/black-holystone-foldable-series-hs160-pro/p/380-0027-00010
"Holy Stone - HS110D WiFi FPV Drone 1080P Camera with 2 Batteries, Black",79,Holy Stone,,https://www.newegg.com/p/01Z-01PH-00056
"Holy Stone - HS100G FPV Drone with 1080P FHD Camera 5G Wifi GPS Quadcopter, Red",129,Holy Stone,Rating + 4,https://www.newegg.com/holy-stone-gps-series-hs100g-flame-red/p/380-0027-00025
UDIRC Drones White,37,"Udirc Toys Co., Ltd.",Rating + 2,https://www.newegg.com/p/N82E16815799003
Holy Stone HS270 FPV GPS Foldable Drone with 2.7K Camera 5G WIFI Custom Fly,159,Holy Stone,Rating + 5,https://www.newegg.com/holystone-2k-series-hs270-black/p/380-0027-00016
Holy Stone HS240 Foldable Drone with 4K FPV Camera,89,Holy Stone,Rating + 3,https://www.newegg.com/holystone-foldable-series-hs240-black/p/380-0027-00019
HolyStone HS470 Advanced Photography Drone with 4K FHD Camera 5G WI-FI Transmission GPS Foldable Quadcopter,279,Holy Stone,Rating + 5,https://www.newegg.com/holy-stone-4k-foldable-series-hs470-black/p/380-0027-00023
DEERC 2019 Upgraded Hands Free UFO Drones for Kids and Adults,12,,Rating + 3,https://www.newegg.com/blue-deerc-mini-ufo-drone-yc-003/p/380-0052-00001
"Holy Stone - HS700 Brushless Motor 5G Wifi FPV Drone with 1080P FHD Camera and GPS, White",159,Holy Stone,,https://www.newegg.com/white-holystone-brushless-gps-series-hs700/p/01Z-01PH-00060
Wltoys XKS 144001 RC Car 60km/h High Speed 1/14 2.4GHz RC  4WD Racing Off-Road Drift Car RTR,86,,,https://www.newegg.com/p/380-008R-00002
Holy Stone HS510 Mini FPV GPS Drone with 4K Camera 5G WIFI Transmission Brushless Motor,239,Holy Stone,,https://www.newegg.com/holy-stone-mini-4k-series-hs510/p/380-0027-00028
Holy Stone HS550 FPV GPS Drone with 2K Camera 5G WiFi Transmission Brushless Motor,179,Holy Stone,,https://www.newegg.com/black-holystone-2k-series-de22/p/380-0027-00013
Holy Stone HS161 FPV Foldable Drone with 1080P HD Camera Optical Flow Positioning Quadcopter,69,Holy Stone,Rating + 4,https://www.newegg.com/black-holystone-foldable-series-hs161/p/380-0027-00009
DEERC DE24 FPV GPS Drone with 1080p Camera 5G Wifi Custom Fly,79,,,https://www.newegg.com/deerc-mini-gps-series-de24-black/p/380-0052-00003
Contixo F18 2K FPV RC Drone with Camera for Adults - Quadcopter with Brushless Motor - Beginners GPS Drone for Kids-5G WiFi- Follow Me - Auto-Return - Point of Interest - Modular Battery with Backpack,229,Contixo,,https://www.newegg.com/black-contixo-f-series-f18/p/380-001Y-00001
"Contixo F22 FPV Foldable Drone with Camera for Adults, Kids, and Beginners - RC Quadcopter with 4K FHD Camera - Gesture Control for Selfie - GPS Auto Return - Follow Me - Carrying Case",179,Contixo,Rating + 5,https://www.newegg.com/p/380-001Y-00008
HolyStone HS410 Mini Drone Safety Quadcopter Beginner-Friendly Suitable for Indoor Play,25,Holy Stone,,https://www.newegg.com/holystone-mini-seires-hs410-red/p/380-0027-00024
DJI Mavic Pro 2,"1,599",DJI,Rating + 4,https://www.newegg.com/gray-dji-mavic-2-pro/p/380-0002-001A6
Holy Stone HS110G GPS FPV Drone with 1080P HD Live Video Camera,129,Holy Stone,,https://www.newegg.com/holy-stone-gps-series-hs110g-black/p/380-0027-00017
"HolyStone HS130D GPS FPV Drone with 2K FHD Camera, 5G Wi-FI Transmission, Bonus Battery",189,Holy Stone,,https://www.newegg.com/holy-stone-gps-series-hs130d-black/p/380-0027-00026
DJI Mavic Mini Fly More Combo (NA),529,DJI,,https://www.newegg.com/p/380-0002-00345
"DJI Mavic 2 Pro Drone Quadcopter with Hasselblad Camera Adjustable Aperture 20MP 1"" CMOS Sensor and SanDisk Extreme 128GB MicroSDXC UHS-I Card with Fly More Combo Kit","1,789",DJI,,https://www.newegg.com/p/0UP-009F-00021
S168 Drone Quadcopter X Mavic Pro Selfie RC 720p HD Camera WIFI FPV Foldable,109,,,https://www.newegg.com/p/380-0051-00021
Spry+ The Worlds Only Waterproof Sports Drone Takes Off From Water Fisherman's Dream Bundle,,,,https://www.newegg.com/swellpro-spry-csp010001-b-orange/p/380-0062-00004
Drone x pro 2.4G Selfie WIFI FPV With 4K HD Camera Foldable RC Quadcopter RTF,82,,,https://www.newegg.com/p/380-008E-000W0
